{"count":1,"gauges":{},"self":17.3373104,"total":20.438964199999997,"children":{"AgentSendState":{"count":1013,"self":0.0129651,"total":0.1642639,"children":{"CollectObservations":{"count":1013,"self":0.0287766,"total":0.0287766,"children":null},"AgentInfo.ToProto":{"count":1013,"self":0.012961499999999999,"total":0.1225222,"children":{"GenerateSensorData":{"count":1013,"self":0.1095607,"total":0.1095607,"children":null}}}}},"DecideAction":{"count":1013,"self":2.9214704,"total":2.9214704,"children":null},"AgentAct":{"count":1013,"self":0.0139242,"total":0.0139242,"children":null}}}