{"count":1,"gauges":{"My Behavior.CumulativeReward":{"count":86,"max":1,"min":0,"value":0,"weightedAverage":0.357662857}},"self":4325.8159104,"total":4943.2621091,"children":{"AgentSendState":{"count":247155,"self":4.714004,"total":38.5384022,"children":{"CollectObservations":{"count":247155,"self":4.258592,"total":4.2585919,"children":null},"AgentInfo.ToProto":{"count":247155,"self":2.7630855999999997,"total":29.565806499999997,"children":{"GenerateSensorData":{"count":247155,"self":26.802719999999997,"total":26.8027208,"children":null}}}}},"DecideAction":{"count":247155,"self":574.633728,"total":574.63371239999992,"children":null},"AgentAct":{"count":247155,"self":4.2719564,"total":4.272957,"children":{"AgentInfo.ToProto":{"count":86,"self":0,"total":0.0010006,"children":{"GenerateSensorData":{"count":86,"self":0.0010006,"total":0.0010006,"children":null}}}}}}}