{"count":1,"gauges":{},"self":80.5746496,"total":84.5777588,"children":{"AgentSendState":{"count":1408,"self":0.019022,"total":0.08005799999999999,"children":{"CollectObservations":{"count":1408,"self":0.0170162,"total":0.0170162,"children":null},"AgentInfo.ToProto":{"count":1408,"self":0.018017099999999998,"total":0.0440198,"children":{"GenerateSensorData":{"count":1408,"self":0.0260027,"total":0.0260027,"children":null}}}}},"DecideAction":{"count":1408,"self":3.8911024,"total":3.8911024999999997,"children":null},"AgentAct":{"count":1408,"self":0.029949499999999997,"total":0.029949499999999997,"children":null}}}