{"count":1,"gauges":{},"self":0.30669959999999996,"total":147.921709,"children":{"AgentSendState":{"count":905,"self":0.007975,"total":0.0239862,"children":{"CollectObservations":{"count":905,"self":0.0030396999999999998,"total":0.0030396999999999998,"children":null},"AgentInfo.ToProto":{"count":905,"self":0.0069857,"total":0.012971499999999999,"children":{"GenerateSensorData":{"count":905,"self":0.0059857999999999995,"total":0.0059857999999999995,"children":null}}}}},"DecideAction":{"count":905,"self":147.50115839999998,"total":147.5011548,"children":null},"AgentAct":{"count":905,"self":0.0878737,"total":0.0878737,"children":null}}}