{"count":1,"gauges":{"My Behavior.CumulativeReward":{"count":3,"max":1,"min":0,"value":1,"weightedAverage":0.25}},"self":22.3895216,"total":183.767405,"children":{"AgentSendState":{"count":2333,"self":0.0489801,"total":0.1719995,"children":{"CollectObservations":{"count":2333,"self":0.0340166,"total":0.0340166,"children":null},"AgentInfo.ToProto":{"count":2333,"self":0.0459968,"total":0.089002799999999993,"children":{"GenerateSensorData":{"count":2333,"self":0.043005999999999996,"total":0.043005999999999996,"children":null}}}}},"DecideAction":{"count":2333,"self":161.01496319999998,"total":161.0149626,"children":null},"AgentAct":{"count":2333,"self":0.19092099999999998,"total":0.19092099999999998,"children":{"AgentInfo.ToProto":{"count":3,"self":0,"total":0,"children":{"GenerateSensorData":{"count":3,"self":0,"total":0,"children":null}}}}}}}