{"count":1,"gauges":{"My Behavior.CumulativeReward":{"count":250,"max":1,"min":0,"value":1,"weightedAverage":0.852407157}},"self":4594.3427071999995,"total":5223.2960035,"children":{"AgentSendState":{"count":261156,"self":5.5316228,"total":17.5787336,"children":{"CollectObservations":{"count":261156,"self":3.5199947999999996,"total":3.5199947,"children":null},"AgentInfo.ToProto":{"count":261156,"self":3.4524168,"total":8.5271162,"children":{"GenerateSensorData":{"count":261156,"self":5.0746996,"total":5.0746994999999995,"children":null}}}}},"DecideAction":{"count":261156,"self":606.30743039999993,"total":606.307413,"children":null},"AgentAct":{"count":261156,"self":5.0550384,"total":5.0660421,"children":{"AgentInfo.ToProto":{"count":250,"self":0.0040037,"total":0.0110035,"children":{"GenerateSensorData":{"count":250,"self":0.0069998,"total":0.0069998,"children":null}}}}}}}