{"count":1,"gauges":{},"self":6.2096751999999995,"total":7.4448529,"children":{"AgentSendState":{"count":364,"self":0.0112877,"total":0.065903,"children":{"CollectObservations":{"count":364,"self":0.0090102999999999989,"total":0.0090102999999999989,"children":null},"AgentInfo.ToProto":{"count":364,"self":0.0050028,"total":0.045605,"children":{"GenerateSensorData":{"count":364,"self":0.0406022,"total":0.0406022,"children":null}}}}},"DecideAction":{"count":364,"self":1.1602742,"total":1.1602742,"children":null},"AgentAct":{"count":364,"self":0.0070012,"total":0.0070012,"children":null}}}