{"count":1,"gauges":{},"self":409.55264,"total":427.9823176,"children":{"AgentSendState":{"count":7131,"self":0.1542163,"total":0.5402051,"children":{"CollectObservations":{"count":7131,"self":0.1080322,"total":0.1080322,"children":null},"AgentInfo.ToProto":{"count":7131,"self":0.13799229999999998,"total":0.2779566,"children":{"GenerateSensorData":{"count":7131,"self":0.13996429999999999,"total":0.13996429999999999,"children":null}}}}},"DecideAction":{"count":7131,"self":17.779598399999998,"total":17.7795985,"children":null},"AgentAct":{"count":7131,"self":0.1078722,"total":0.1078722,"children":null}}}