{"count":1,"gauges":{},"self":23.560184,"total":24.769150699999997,"children":{"AgentSendState":{"count":411,"self":0.0080098,"total":0.0308375,"children":{"CollectObservations":{"count":411,"self":0.0069977999999999993,"total":0.0069977999999999993,"children":null},"AgentInfo.ToProto":{"count":411,"self":0.0090213999999999989,"total":0.0158299,"children":{"GenerateSensorData":{"count":411,"self":0.0068084999999999994,"total":0.0068084999999999994,"children":null}}}}},"DecideAction":{"count":411,"self":1.1711268,"total":1.1711268,"children":null},"AgentAct":{"count":411,"self":0.0060018,"total":0.0060018,"children":null}}}
