{"count":1,"gauges":{},"self":13.6184672,"total":16.6723063,"children":{"AgentSendState":{"count":825,"self":0.0160198,"total":0.1300947,"children":{"CollectObservations":{"count":825,"self":0.016058799999999998,"total":0.016058799999999998,"children":null},"AgentInfo.ToProto":{"count":825,"self":0.0099924,"total":0.0980161,"children":{"GenerateSensorData":{"count":825,"self":0.0880237,"total":0.0880237,"children":null}}}}},"DecideAction":{"count":825,"self":2.9069712,"total":2.9069711,"children":null},"AgentAct":{"count":825,"self":0.0127735,"total":0.0127735,"children":null}}}