{"count":1,"gauges":{},"self":31.544694399999997,"total":38.2686055,"children":{"AgentSendState":{"count":1906,"self":0.0490202,"total":0.3346107,"children":{"CollectObservations":{"count":1906,"self":0.0310294,"total":0.0310294,"children":null},"AgentInfo.ToProto":{"count":1906,"self":0.0280211,"total":0.2545611,"children":{"GenerateSensorData":{"count":1906,"self":0.22654,"total":0.22654,"children":null}}}}},"DecideAction":{"count":1906,"self":6.3603271999999995,"total":6.3603271,"children":null},"AgentAct":{"count":1906,"self":0.0279797,"total":0.0279797,"children":null}}}