{"count":1,"gauges":{},"self":11.478126399999999,"total":13.576993799999999,"children":{"AgentSendState":{"count":672,"self":0.0180004,"total":0.11887009999999999,"children":{"CollectObservations":{"count":672,"self":0.011004199999999999,"total":0.011004199999999999,"children":null},"AgentInfo.ToProto":{"count":672,"self":0.0110011,"total":0.0898655,"children":{"GenerateSensorData":{"count":672,"self":0.0788644,"total":0.0788644,"children":null}}}}},"DecideAction":{"count":672,"self":1.9669953999999998,"total":1.9669953999999998,"children":null},"AgentAct":{"count":672,"self":0.011002999999999999,"total":0.011002999999999999,"children":null}}}