{"count":1,"gauges":{},"self":30.246905599999998,"total":32.1874904,"children":{"AgentSendState":{"count":535,"self":0.023020799999999998,"total":0.051058799999999994,"children":{"CollectObservations":{"count":535,"self":0.0069711,"total":0.0069711,"children":null},"AgentInfo.ToProto":{"count":535,"self":0.0099870999999999988,"total":0.0210669,"children":{"GenerateSensorData":{"count":535,"self":0.011079799999999999,"total":0.011079799999999999,"children":null}}}}},"DecideAction":{"count":535,"self":1.8856134,"total":1.8856134,"children":null},"AgentAct":{"count":535,"self":0.0019119,"total":0.0019119,"children":null}}}