{"count":1,"gauges":{},"self":0.1475119,"total":0.1865095,"children":{"AgentSendState":{"count":1,"self":0.0019993999999999997,"total":0.0059998,"children":{"CollectObservations":{"count":1,"self":0.0009996,"total":0.0009996,"children":null},"AgentInfo.ToProto":{"count":1,"self":0.0010004,"total":0.0030007999999999996,"children":{"GenerateSensorData":{"count":1,"self":0.0020004,"total":0.0020004,"children":null}}}}},"DecideAction":{"count":1,"self":0.030997499999999997,"total":0.030997499999999997,"children":null},"AgentAct":{"count":1,"self":0,"total":0,"children":null}}}