{"count":1,"gauges":{"My Behavior.CumulativeReward":{"count":104,"max":1,"min":0,"value":1,"weightedAverage":0.9625535}},"self":1876.7388672,"total":2096.4394567,"children":{"AgentSendState":{"count":104815,"self":1.6148732,"total":11.870916,"children":{"CollectObservations":{"count":104815,"self":1.5599257,"total":1.5599257,"children":null},"AgentInfo.ToProto":{"count":104815,"self":1.1369185,"total":8.6961171,"children":{"GenerateSensorData":{"count":104815,"self":7.5591984,"total":7.5591985999999993,"children":null}}}}},"DecideAction":{"count":104815,"self":206.26999039999998,"total":206.2699841,"children":null},"AgentAct":{"count":104815,"self":1.5566069,"total":1.5586012,"children":{"AgentInfo.ToProto":{"count":104,"self":0.00099739999999999985,"total":0.0019943,"children":{"GenerateSensorData":{"count":104,"self":0.0009969,"total":0.0009969,"children":null}}}}}}}