{"count":1,"gauges":{},"self":123.08989439999999,"total":130.24070319999998,"children":{"AgentSendState":{"count":2169,"self":0.049989099999999995,"total":0.16799619999999998,"children":{"CollectObservations":{"count":2169,"self":0.042009399999999995,"total":0.042009399999999995,"children":null},"AgentInfo.ToProto":{"count":2169,"self":0.0389845,"total":0.0759977,"children":{"GenerateSensorData":{"count":2169,"self":0.037013199999999996,"total":0.037013199999999996,"children":null}}}}},"DecideAction":{"count":2169,"self":6.9348272,"total":6.9348275999999993,"children":null},"AgentAct":{"count":2169,"self":0.0459845,"total":0.0459845,"children":null}}}