{"count":1,"gauges":{},"self":45.816633599999996,"total":107.6912675,"children":{"AgentSendState":{"count":815,"self":0.0170002,"total":0.061030499999999994,"children":{"CollectObservations":{"count":815,"self":0.0110081,"total":0.0110081,"children":null},"AgentInfo.ToProto":{"count":815,"self":0.0130131,"total":0.0330222,"children":{"GenerateSensorData":{"count":815,"self":0.0200091,"total":0.0200091,"children":null}}}}},"DecideAction":{"count":815,"self":61.794591999999994,"total":61.794592699999995,"children":null},"AgentAct":{"count":815,"self":0.0170103,"total":0.0170103,"children":null}}}