{"count":1,"gauges":{},"self":7.4310399999999994,"total":8.6591504999999991,"children":{"AgentSendState":{"count":426,"self":0.0119969,"total":0.0823836,"children":{"CollectObservations":{"count":426,"self":0.0060088999999999993,"total":0.0060088999999999993,"children":null},"AgentInfo.ToProto":{"count":426,"self":0.0079695,"total":0.0643778,"children":{"GenerateSensorData":{"count":426,"self":0.056408299999999995,"total":0.056408299999999995,"children":null}}}}},"DecideAction":{"count":426,"self":1.1357249999999999,"total":1.1357249999999999,"children":null},"AgentAct":{"count":426,"self":0.0079995,"total":0.0079995,"children":null}}}