{"count":1,"gauges":{},"self":14.1151824,"total":16.126787999999998,"children":{"AgentSendState":{"count":797,"self":0.0149428,"total":0.1106819,"children":{"CollectObservations":{"count":797,"self":0.0099728,"total":0.0099728,"children":null},"AgentInfo.ToProto":{"count":797,"self":0.0129581,"total":0.08576629999999999,"children":{"GenerateSensorData":{"count":797,"self":0.0728082,"total":0.0728082,"children":null}}}}},"DecideAction":{"count":797,"self":1.8869684,"total":1.8869684999999998,"children":null},"AgentAct":{"count":797,"self":0.011959899999999999,"total":0.011959899999999999,"children":null}}}