{"count":1,"gauges":{},"self":4.2458388,"total":4.2518234,"children":{"AgentSendState":{"count":197,"self":0.0029909999999999997,"total":0.0049879999999999994,"children":{"CollectObservations":{"count":197,"self":0.001997,"total":0.001997,"children":null}}},"DecideAction":{"count":197,"self":0,"total":0,"children":null},"AgentAct":{"count":197,"self":0.00099669999999999989,"total":0.00099669999999999989,"children":null}}}