{"count":1,"gauges":{},"self":24.9083056,"total":24.947024799999998,"children":{"AgentSendState":{"count":1001,"self":0.0099711,"total":0.022934,"children":{"CollectObservations":{"count":1001,"self":0.0129629,"total":0.0129629,"children":null}}},"DecideAction":{"count":1001,"self":0.004987,"total":0.004987,"children":null},"AgentAct":{"count":1001,"self":0.0098014,"total":0.0098014,"children":null}}}