{"count":1,"gauges":{},"self":18.3944224,"total":18.448950999999997,"children":{"AgentSendState":{"count":887,"self":0.0240097,"total":0.0400104,"children":{"CollectObservations":{"count":887,"self":0.0160007,"total":0.0160007,"children":null}}},"DecideAction":{"count":887,"self":0.0050038,"total":0.0050038,"children":null},"AgentAct":{"count":887,"self":0.008515,"total":0.008515,"children":null}}}