{"count":1,"gauges":{},"self":15.657511999999999,"total":15.691426799999999,"children":{"AgentSendState":{"count":744,"self":0.011970699999999999,"total":0.022942999999999998,"children":{"CollectObservations":{"count":744,"self":0.010972299999999999,"total":0.010972299999999999,"children":null}}},"DecideAction":{"count":744,"self":0.0019965,"total":0.0019965,"children":null},"AgentAct":{"count":744,"self":0.007977999999999999,"total":0.007977999999999999,"children":null}}}