{"count":1,"gauges":{"My Behavior.CumulativeReward":{"count":5,"max":0,"min":0,"value":0,"weightedAverage":0}},"self":51.796796799999996,"total":52.075697,"children":{"AgentSendState":{"count":2441,"self":0.12078599999999999,"total":0.179551,"children":{"CollectObservations":{"count":2441,"self":0.058765,"total":0.058765,"children":null}}},"DecideAction":{"count":2441,"self":0.025640999999999997,"total":0.025640999999999997,"children":null},"AgentAct":{"count":2441,"self":0.068586,"total":0.068586,"children":null}}}