{"count":1,"gauges":{"My Behavior.CumulativeReward":{"count":3,"max":1,"min":0,"value":0,"weightedAverage":0.5625}},"self":77.603647999999993,"total":77.8306157,"children":{"AgentSendState":{"count":3876,"self":0.095059999999999992,"total":0.1498989,"children":{"CollectObservations":{"count":3876,"self":0.054838899999999996,"total":0.054838899999999996,"children":null}}},"DecideAction":{"count":3876,"self":0.021016399999999998,"total":0.021016399999999998,"children":null},"AgentAct":{"count":3876,"self":0.0560556,"total":0.0560556,"children":null}}}