{"count":1,"gauges":{},"self":21.035001599999998,"total":21.0827566,"children":{"AgentSendState":{"count":923,"self":0.021865,"total":0.0337918,"children":{"CollectObservations":{"count":923,"self":0.0119268,"total":0.0119268,"children":null}}},"DecideAction":{"count":923,"self":0.0029925999999999998,"total":0.0029925999999999998,"children":null},"AgentAct":{"count":923,"self":0.0099732,"total":0.0099732,"children":null}}}