{"count":1,"gauges":{},"self":21.077388799999998,"total":21.114246599999998,"children":{"AgentSendState":{"count":655,"self":0.0149486,"total":0.026899299999999998,"children":{"CollectObservations":{"count":655,"self":0.0119507,"total":0.0119507,"children":null}}},"DecideAction":{"count":655,"self":0.003975,"total":0.003975,"children":null},"AgentAct":{"count":655,"self":0.0049867,"total":0.0049867,"children":null}}}