{"count":1,"gauges":{},"self":3.0160272,"total":3.0337989999999997,"children":{"AgentSendState":{"count":126,"self":0.0091815,"total":0.0122331,"children":{"CollectObservations":{"count":126,"self":0.0030516,"total":0.0030516,"children":null}}},"DecideAction":{"count":126,"self":0.001009,"total":0.001009,"children":null},"AgentAct":{"count":126,"self":0.0025074999999999997,"total":0.0025074999999999997,"children":null}}}

