{"count":1,"gauges":{},"self":125.32910079999999,"total":126.01542599999999,"children":{"AgentSendState":{"count":5973,"self":0.3026,"total":0.470296,"children":{"CollectObservations":{"count":5973,"self":0.16769599999999998,"total":0.16769599999999998,"children":null}}},"DecideAction":{"count":5973,"self":0.066785,"total":0.066785,"children":null},"AgentAct":{"count":5973,"self":0.14243699999999998,"total":0.14243699999999998,"children":null}}}