{"count":1,"gauges":{"My Behavior.CumulativeReward":{"count":1,"max":1,"min":1,"value":1,"weightedAverage":1}},"self":44.723974399999996,"total":44.961332999999996,"children":{"AgentSendState":{"count":1997,"self":0.098708999999999991,"total":0.150366,"children":{"CollectObservations":{"count":1997,"self":0.051656999999999995,"total":0.051656999999999995,"children":null}}},"DecideAction":{"count":1997,"self":0.01859,"total":0.01859,"children":null},"AgentAct":{"count":1997,"self":0.060929,"total":0.060929,"children":null}}}