{"count":1,"gauges":{},"self":2.080672,"total":2.0926408999999997,"children":{"AgentSendState":{"count":97,"self":0.0029931999999999997,"total":0.0079784,"children":{"CollectObservations":{"count":97,"self":0.0049851999999999995,"total":0.0049851999999999995,"children":null}}},"DecideAction":{"count":97,"self":0,"total":0,"children":null},"AgentAct":{"count":97,"self":0.0029933,"total":0.0029933,"children":null}}}