{"count":1,"gauges":{},"self":91.632032,"total":92.219438,"children":{"AgentSendState":{"count":4381,"self":0.257353,"total":0.397337,"children":{"CollectObservations":{"count":4381,"self":0.139984,"total":0.139984,"children":null}}},"DecideAction":{"count":4381,"self":0.063162,"total":0.063162,"children":null},"AgentAct":{"count":4381,"self":0.12012099999999999,"total":0.12012099999999999,"children":null}}}