{"count":1,"gauges":{},"self":13.490761599999999,"total":71.922313199999991,"children":{"AgentSendState":{"count":849,"self":0.0239951,"total":0.056000299999999996,"children":{"CollectObservations":{"count":849,"self":0.0040016999999999995,"total":0.0040016999999999995,"children":null},"AgentInfo.ToProto":{"count":849,"self":0.0130029,"total":0.028003499999999997,"children":{"GenerateSensorData":{"count":849,"self":0.0150006,"total":0.0150006,"children":null}}}}},"DecideAction":{"count":849,"self":58.3645504,"total":58.3645505,"children":null},"AgentAct":{"count":849,"self":0.0090017,"total":0.0090017,"children":null}}}